threads,size,mean_duration,ci_duration
0,16,0.0003967,0.00019781666758221704
0,32,0.0014979000000000004,0.0009101402098480335
0,64,0.005966899999999999,0.003616959716763975
0,128,0.022989,0.015419801459370353
0,256,0.08306249999999998,0.06101614175834894
0,512,0.2840227,0.18364678151952368
0,1024,1.0463163,0.29988846290586973
0,2048,5.074239700000001,0.9666168606544085
0,4096,19.8161692,4.172407035896794
0,8192,78.8696632,13.7572851075258
