threads,size,mean_duration,ci_duration
0,16,0.00046550000000000004,0.00023986722049222704
0,32,0.0017556,0.0010387236517016662
0,64,0.0069716,0.004049118835025715
0,128,0.026451099999999998,0.01742989831412373
0,256,0.09821529999999999,0.07861335464728353
0,512,0.39409250000000007,0.31639053368116915
0,1024,1.4054460999999998,0.8962489953685193
0,2048,4.9146228999999995,1.151869318700442
0,4096,22.613846000000002,2.704873101997102
0,8192,86.76245560000001,17.94055716741215
