threads,size,mean_duration,ci_duration
0,16,0.00043659999999999993,0.00020518037090434466
0,32,0.0018345,0.0017705967971405698
0,64,0.0062625,0.003528062580309166
0,128,0.024441799999999996,0.015056266231815463
0,256,0.0888689,0.06922123532917902
0,512,0.3435125,0.27589868527945094
0,1024,1.052582,0.4044741222492787
0,2048,4.3666811999999995,1.1568015294830367
0,4096,17.0440901,3.6081591562049744
0,8192,71.60794650000001,12.405223212985279
