threads,size,mean_duration,ci_duration
0,16,8.81e-5,3.21457262409104e-5
0,32,0.0003463,0.00030865426327851043
0,64,0.0011882,0.0004629794933975658
0,128,0.0045518,0.0018367810591164338
0,256,0.017981100000000003,0.008003248343548734
0,512,0.0663697,0.039132319723159434
0,1024,0.2650329,0.16082003487149474
0,2048,0.7767643,0.4114406541292858
0,4096,3.0418414,1.3821617524320133
0,8192,12.501596200000002,2.2454465055273833
