threads,processes,griddim,blocos,duration,io_alocation
0,2,0,0,24.917045,25.907916
0,2,0,0,25.383757,26.242408
0,2,0,0,24.33912,25.223766
0,2,0,0,24.793257,25.639348
0,2,0,0,25.204738,26.045517
0,2,0,0,24.335089,25.216457
0,2,0,0,24.58655,25.423146
0,2,0,0,24.499953,25.388194
0,2,0,0,24.52715,25.368297
0,2,0,0,24.252554,25.100069
0,2,0,0,24.511227,25.357677
0,2,0,0,24.273573,25.110253
0,2,0,0,24.933798,25.807079
0,2,0,0,25.13714,25.993161
0,2,0,0,24.54849,25.396207
