threads,processes,griddim,blocos,duration,io_alocation
0,4,0,0,10.091155,11.055606
0,4,0,0,10.084777,10.970707
0,4,0,0,9.945276,10.82505
0,4,0,0,10.096724,10.979559
0,4,0,0,10.073241,10.961142
0,4,0,0,9.832402,10.717094
0,4,0,0,10.072392,10.95684
0,4,0,0,10.072502,10.952373
0,4,0,0,10.092987,10.978688
0,4,0,0,10.104548,10.982633
0,4,0,0,10.077058,10.95361
0,4,0,0,9.922182,10.799467
0,4,0,0,9.827613,10.708798
0,4,0,0,9.835174,10.715896
0,4,0,0,9.868264,10.746099
