threads,processes,griddim,blocos,duration,io_alocation
0,64,0,0,12.282577,25.11222
0,64,0,0,11.691234,21.360355
0,64,0,0,11.950689,24.932162
0,64,0,0,11.089528,23.206429
0,64,0,0,11.577811,24.379858
0,64,0,0,13.445394,23.626778
0,64,0,0,12.790668,25.761515
0,64,0,0,13.204556,27.735296
0,64,0,0,11.16187,23.437552
0,64,0,0,11.657155,26.263238
0,64,0,0,11.308634,24.121957
0,64,0,0,11.20461,24.417134
0,64,0,0,10.952361,22.623819
0,64,0,0,11.305619,20.612293
0,64,0,0,11.331746,24.926467
