threads,processes,griddim,blocos,mean_duration,mean_io_alocation,ci_duration,ci_io_alocation
0,0,8,8,1.4774950666666664,1.7057438666666664,0.036793682691485356,0.1044425964088773
0,0,8,16,1.4474616666666664,1.680401733333333,0.03405303942519469,0.045809759989767565
0,0,16,8,1.4391766000000001,1.6756584666666667,0.029902724593251422,0.05054920618439455
0,0,16,16,1.4060138666666664,1.640119733333333,0.020394114225482454,0.0361387892732907
