threads,processes,griddim,blocos,mean_duration,mean_io_alocation,ci_duration,ci_io_alocation
0,0,32,4,2.751490266666666,2.9766030666666667,0.39001783797643536,0.42639905223333885
0,0,32,8,1.6728789333333332,1.9225914666666666,0.17579900352794292,0.18545434526690935
0,0,32,16,1.521808466666667,1.7612476666666668,0.35285010790461435,0.3805776881171899
