threads,processes,griddim,blocos,mean_duration,mean_io_alocation,ci_duration,ci_io_alocation
0,0,4,8,1.5830303333333335,1.7894418666666665,0.04659365705030101,0.11044281512641925
0,0,4,16,1.6010461999999999,1.8249636,0.017566187825733836,0.03500130992703903
