threads,processes,griddim,blocos,mean_duration,mean_io_alocation,ci_duration,ci_io_alocation
0,0,4,4,4.178187866666667,4.400245133333334,0.05481429762987441,0.12234670100600042
0,0,8,4,3.0146514666666673,3.256278066666666,0.010670261726894281,0.04087680152622649
0,0,16,4,2.8331526666666664,3.0563028666666674,0.0711978611794671,0.07249897767789287
