threads,processes,griddim,blocos,mean_duration,mean_io_alocation,ci_duration,ci_io_alocation
0,0,4,32,1.507167733333333,1.7064032,0.08786271300254801,0.12536338128859545
0,0,8,32,1.3824638,1.6195398666666665,0.07281607519702336,0.07062037328587008
0,0,16,32,1.383506,1.622153533333333,0.11209493693089982,0.12777224717863742
0,0,32,32,1.4558551333333334,1.6988256666666666,0.2676663608629288,0.2702782386022157
