threads,processes,griddim,blocos,mean_duration,mean_io_alocation,ci_duration,ci_io_alocation
0,2,0,0,23.969208466666664,24.682029333333336,0.17635765713671472,0.17049493966579343
0,4,0,0,9.744027933333333,10.494499666666668,0.2375058340596361,0.23865411299193198
0,8,0,0,10.421393266666668,11.766443866666668,3.8469471381423044,3.9609034469678286
0,16,0,0,12.323636466666667,15.34668026666667,3.1260566056959447,3.1063356484880718
0,32,0,0,11.25006853333333,17.1219516,1.1961433622158317,1.2900038390125625
0,64,0,0,11.635413466666666,23.2792476,0.9119873778389052,1.057345749149483
